Date,Open,High,Low,Close,Adj Close,Volume
01/09/2016,540.5,546.650024,540,543.650024,543.650024,7571854
02/09/2016,552,555.900024,549.099976,549.849976,549.849976,10097146
06/09/2016,556.349976,593.299988,556.349976,588.700012,588.700012,15813178
07/09/2016,590,598.400024,584,587.400024,587.400024,13408927
08/09/2016,590.75,591.700012,577.75,584.200012,584.200012,10456258
09/09/2016,580,582.950012,571.700012,573.25,573.25,7159068
12/09/2016,551,560,549.25,553.450012,553.450012,7055294
14/09/2016,556.25,565.349976,544.099976,560.5,560.5,12364724
15/09/2016,562,566.25,555.400024,557.549988,557.549988,5258859
16/09/2016,562.400024,568.200012,546.349976,548.700012,548.700012,10931845
19/09/2016,553.799988,556.400024,549.450012,554.450012,554.450012,6979269
20/09/2016,555,556.299988,545.5,548.450012,548.450012,6874462
21/09/2016,548.599976,556.400024,544,549.900024,549.900024,5919149
22/09/2016,561.200012,562.950012,551.349976,558.450012,558.450012,6012388
23/09/2016,558.5,558.5,551.200012,553.049988,553.049988,4840360
26/09/2016,549.950012,549.950012,533.75,535.299988,535.299988,6858574
27/09/2016,537.700012,542,530.25,531.950012,531.950012,4912743
28/09/2016,533,545.400024,531.5,540,540,6604953
29/09/2016,543,546.900024,516.650024,526.299988,526.299988,9315794
30/09/2016,525.599976,536.549988,521.200012,534.849976,534.849976,5659248
03/10/2016,539.400024,546,539,540.799988,540.799988,4505939
04/10/2016,547.400024,552.400024,540.650024,549.950012,549.950012,5715454
05/10/2016,555.299988,562.400024,549.75,559.650024,559.650024,5929204
06/10/2016,563.099976,564.200012,549.099976,551.450012,551.450012,4273945
07/10/2016,554.5,567.299988,552.599976,565.700012,565.700012,9122002
10/10/2016,571.099976,571.099976,560.900024,562.049988,562.049988,3673211
13/10/2016,556.900024,556.900024,537,544.849976,544.849976,9510827
14/10/2016,546,557.450012,545,556.099976,556.099976,5872827
17/10/2016,557.849976,557.849976,545.900024,547.549988,547.549988,3463154
18/10/2016,549.200012,556,549.200012,554.25,554.25,3965424
19/10/2016,552.049988,554.900024,545.049988,550.5,550.5,4275157
20/10/2016,553.049988,554,546,546.849976,546.849976,2770011
21/10/2016,549,550,541.5,544.5,544.5,2789747
24/10/2016,544,564,543.549988,559.799988,559.799988,5161299
25/10/2016,549.849976,561,549.099976,553.799988,553.799988,5690576
26/10/2016,548,548,523.150024,530.049988,530.049988,6665017
27/10/2016,515.599976,525.75,510.75,522,522,18470182
28/10/2016,527,539.950012,525.099976,537,537,5665910
01/11/2016,534.400024,537.900024,525.049988,530.599976,530.599976,6848662
02/11/2016,522.599976,526,512.349976,513.299988,513.299988,4750117
03/11/2016,509.799988,521.450012,505.200012,510.200012,510.200012,6909458
04/11/2016,509.25,516.349976,501.600006,512.299988,512.299988,7564243
07/11/2016,513,521.299988,505.049988,506.350006,506.350006,5507954
08/11/2016,518.400024,543,517,540.200012,540.200012,12739083
09/11/2016,501.149994,544,500,533.5,533.5,10276017
10/11/2016,536,549.349976,531.5,533.700012,533.700012,6906437
11/11/2016,526.5,530,505,507.299988,507.299988,7823667
15/11/2016,484.899994,484.899994,453,457.399994,457.399994,15356070
16/11/2016,468.450012,471.700012,450,458.450012,458.450012,10855618
17/11/2016,460,476,459.649994,472.850006,472.850006,8949767
18/11/2016,469.899994,473.850006,461.850006,471.25,471.25,7246244
21/11/2016,468,472.799988,451.5,456.950012,456.950012,7325876
22/11/2016,464.049988,471,453.299988,464.850006,464.850006,6644867
23/11/2016,467,475.299988,462,471.5,471.5,6727083
24/11/2016,466.350006,466.350006,449.700012,452.950012,452.950012,8046995
25/11/2016,454.100006,456.350006,443.149994,452.350006,452.350006,7426347
28/11/2016,451.25,460,450.5,454.700012,454.700012,5025929
29/11/2016,455,466.299988,451.350006,459.850006,459.850006,8570549
30/11/2016,460,463.799988,455.100006,459.299988,459.299988,8377510
01/12/2016,457,457.700012,446.899994,448.200012,448.200012,7706825
02/12/2016,445,453.5,431.149994,432.899994,432.899994,10450654
05/12/2016,436,441,428.299988,439.299988,439.299988,8211182
06/12/2016,441,445.899994,438.100006,441.100006,441.100006,4209420
07/12/2016,440,449.200012,439.25,445.350006,445.350006,5559803
08/12/2016,451.200012,464.399994,451.200012,461.549988,461.549988,8176055
09/12/2016,464.950012,468.549988,460.600006,464.100006,464.100006,5690877
12/12/2016,461.950012,461.950012,451.049988,454.399994,454.399994,3837786
13/12/2016,476.799988,486.25,462.25,470.649994,470.649994,63880404
14/12/2016,470.200012,476.799988,462.649994,472.350006,472.350006,7660437
15/12/2016,464,473.600006,462.5,463.200012,463.200012,6539067
16/12/2016,465,474.899994,464.200012,473.149994,473.149994,9015744
19/12/2016,470.899994,478.549988,465.5,471.799988,471.799988,5445624
20/12/2016,473,475,469.100006,473.149994,473.149994,3690160
21/12/2016,473.5,474.5,467.100006,468.5,468.5,3492856
22/12/2016,468.149994,472.950012,464.799988,469.600006,469.600006,5436494
23/12/2016,464.950012,468.299988,460,465.649994,465.649994,3957854
26/12/2016,465.5,465.5,455.600006,457.850006,457.850006,3282425
27/12/2016,460,468.75,457.399994,466.950012,466.950012,3164664
28/12/2016,467,468.649994,462,463.350006,463.350006,3772181
29/12/2016,462.75,472.700012,459.350006,470.899994,470.899994,4763171
30/12/2016,471,475,467.5,472,472,3605555
02/01/2017,472,488.700012,469.049988,487.049988,487.049988,4024156
03/01/2017,491,492.700012,479.899994,481.100006,481.100006,5814518
04/01/2017,484.649994,493.700012,484.100006,486.649994,486.649994,4769872
05/01/2017,496,503.399994,495.549988,502.149994,502.149994,7961242
06/01/2017,502.950012,507.950012,496.25,497.75,497.75,4907475
09/01/2017,499.399994,504.600006,492.149994,500.149994,500.149994,3932710
10/01/2017,506.549988,518,505.950012,516.25,516.25,7973024
11/01/2017,520.25,523.950012,517.150024,519.25,519.25,4886398
12/01/2017,521.700012,524,513.200012,518.25,518.25,4219627
13/01/2017,523.25,523.25,507.5,514.849976,514.849976,6367248
16/01/2017,518.650024,529.450012,517,526.400024,526.400024,6084582
17/01/2017,528.099976,530.799988,521,523.700012,523.700012,4297426
18/01/2017,523.049988,529.599976,521.200012,522.450012,522.450012,5874608
19/01/2017,523,535.599976,522.700012,531.450012,531.450012,5810128
20/01/2017,527.400024,529.299988,521.25,523.200012,523.200012,5013928
23/01/2017,523.200012,534.950012,523,532.700012,532.700012,4209879
24/01/2017,533,543,532.349976,541.549988,541.549988,5183630
25/01/2017,543.25,551.900024,541.549988,548.900024,548.900024,4504941
27/01/2017,549,552,539.75,541.950012,541.950012,4493803
30/01/2017,542,543.5,530.799988,532.299988,532.299988,4163428
31/01/2017,530.200012,531.5,518,523.549988,523.549988,6035022
01/02/2017,527.5,544.5,522.900024,542.25,542.25,4786720
02/02/2017,537.599976,537.599976,526.799988,531.5,531.5,6579801
03/02/2017,531.900024,531.900024,519.5,522.599976,522.599976,5298261
06/02/2017,527.900024,531.450012,523.200012,525.849976,525.849976,3642527
07/02/2017,524.799988,524.799988,502,506.799988,506.799988,7987282
08/02/2017,512.349976,514.950012,506.299988,513.049988,513.049988,5975054
09/02/2017,515.400024,518,505.75,512.849976,512.849976,4099871
10/02/2017,513,514.799988,506.5,509.549988,509.549988,4732032
13/02/2017,512.700012,512.700012,503.299988,505.299988,505.299988,4700518
14/02/2017,503,506.700012,466.549988,482.049988,482.049988,14901414
15/02/2017,449.049988,453,434.350006,436.450012,436.450012,38638630
16/02/2017,442.549988,447.600006,435.399994,446,446,11622714
17/02/2017,447.899994,456.600006,442.399994,452.950012,452.950012,10063504
20/02/2017,451.5,458.450012,449,455.450012,455.450012,5866707
21/02/2017,456.899994,462.799988,454.5,458.649994,458.649994,6875914
22/02/2017,460.25,466.700012,455.799988,460.049988,460.049988,7315280
23/02/2017,464,464.700012,457.25,462.350006,462.350006,9492419
27/02/2017,464,464,455.100006,457.799988,457.799988,5510484
28/02/2017,460,460,454.100006,456.75,456.75,5722402
01/03/2017,455.899994,455.899994,448,449.450012,449.450012,8367579
02/03/2017,457.850006,467.899994,453.200012,461.700012,461.700012,13667695
03/03/2017,463.299988,466.850006,458.600006,459.950012,459.950012,7085620
06/03/2017,462.5,472.700012,462.100006,470.799988,470.799988,4036291
07/03/2017,469.5,475.899994,466.049988,467.549988,467.549988,7114541
08/03/2017,469.399994,469.600006,461.149994,462.799988,462.799988,5351597
09/03/2017,462.450012,469.700012,462,467.600006,467.600006,3837624
10/03/2017,471,471.850006,465.100006,469.100006,469.100006,5766815
14/03/2017,481,483,468.450012,469.75,469.75,6348198
15/03/2017,475,476.549988,470.649994,473.450012,473.450012,4801312
16/03/2017,478.700012,482,476.149994,480.950012,480.950012,6272947
17/03/2017,481.350006,484.200012,471.700012,476.5,476.5,6338248
20/03/2017,476.549988,478.200012,470.75,476,476,2871104
21/03/2017,478,478.049988,470.649994,473.75,473.75,4685410
22/03/2017,469.950012,469.950012,458.5,459.899994,459.899994,4695648
23/03/2017,461.299988,477,461.299988,472.899994,472.899994,8665384
24/03/2017,470.75,474.799988,467.549988,470.399994,470.399994,4296510
27/03/2017,469,469.149994,462.100006,464.75,464.75,4417413
28/03/2017,467.5,473,467.5,472.399994,472.399994,2982614
29/03/2017,474.899994,475,463.600006,469.049988,469.049988,6680569
30/03/2017,463.5,469.799988,462.850006,468.399994,468.399994,9482785
31/03/2017,466.5,472.5,464.5,465.850006,465.850006,6400088
03/04/2017,468.25,472.299988,467.600006,470.399994,470.399994,2951896
05/04/2017,470.399994,475,467.25,473.5,473.5,5287168
06/04/2017,474.299988,478.5,470.600006,473.200012,473.200012,6703078
07/04/2017,468.450012,480.549988,466.649994,468.299988,468.299988,8089461
10/04/2017,471.649994,478.299988,467.549988,474.899994,474.899994,5437523
11/04/2017,477.899994,478.350006,471.100006,472.25,472.25,4887918
12/04/2017,468.700012,471.549988,461.600006,464.549988,464.549988,5991598
13/04/2017,461.850006,463.350006,451.200012,453.350006,453.350006,5930185
17/04/2017,452,455.700012,447.299988,449.200012,449.200012,4913930
18/04/2017,452,455.75,442.5,443.700012,443.700012,4235130
19/04/2017,443,449.5,438.299988,443.049988,443.049988,6319332
20/04/2017,447.850006,447.850006,442.100006,443.950012,443.950012,3288900
21/04/2017,446.75,448.450012,437.600006,440.600006,440.600006,5325590
24/04/2017,439.799988,449,438.75,443.850006,443.850006,6214069
25/04/2017,445.850006,447.75,443.299988,445.649994,445.649994,5894090
26/04/2017,446,454.399994,445.5,450.799988,450.799988,8438042
27/04/2017,455,460.899994,452.700012,455.350006,455.350006,10589249
28/04/2017,457.100006,462,454.399994,458.899994,458.899994,5126904
02/05/2017,456.600006,457.200012,448.549988,451.25,451.25,6071958
03/05/2017,451.350006,456,444.649994,446.600006,446.600006,5158586
04/05/2017,446.649994,448.100006,435.149994,436.5,436.5,6204022
05/05/2017,436.5,436.5,418,419.600006,419.600006,9487539
08/05/2017,424.75,428.700012,417.25,422.649994,422.649994,7427873
09/05/2017,424.75,428.799988,422.700012,426.799988,426.799988,2833132
10/05/2017,427.799988,433,424,432.299988,432.299988,5378402
11/05/2017,434,434.5,425.399994,427.450012,427.450012,4049649
12/05/2017,429.649994,433.799988,427.450012,430.850006,430.850006,3850940
15/05/2017,434,434,430.100006,431.899994,431.899994,1885702
16/05/2017,432.25,439.5,432.25,437.25,437.25,3452072
17/05/2017,436.5,452.5,435.100006,449.100006,449.100006,6572678
18/05/2017,442,448.700012,436,437.950012,437.950012,6158546
19/05/2017,439,444.950012,434.600006,443.350006,443.350006,4387481
22/05/2017,446,452.75,442.600006,449.649994,449.649994,6145914
23/05/2017,451.450012,456.450012,444.299988,450.5,450.5,10330814
24/05/2017,470,473.350006,458.100006,469.549988,469.549988,27370795
25/05/2017,470,479,464.700012,476,476,15108872
26/05/2017,474.100006,488.25,473.5,481.100006,481.100006,7692869
29/05/2017,482.5,485,471.799988,481.5,481.5,4253044
30/05/2017,482.700012,487,480,481.299988,481.299988,3101380
31/05/2017,482.299988,483,474.799988,476.149994,476.149994,5393856
01/06/2017,476.950012,479.700012,473.549988,476.649994,476.649994,3001232
02/06/2017,480,485.950012,477.700012,478.75,478.75,4319080
05/06/2017,478.299988,481.899994,475.200012,478.149994,478.149994,2464819
06/06/2017,482.899994,484.350006,457.600006,461,461,8016939
07/06/2017,462.549988,463.649994,453.5,458,458,5250544
08/06/2017,459.5,463.450012,457.350006,460.799988,460.799988,4066322
09/06/2017,459.950012,468,455,467.100006,467.100006,4598706
12/06/2017,463.75,465.25,455.200012,456.25,456.25,4341696
13/06/2017,457.149994,458.75,448,449.549988,449.549988,3577406
14/06/2017,450.799988,453.399994,447.049988,451.950012,451.950012,3605931
15/06/2017,452,457.850006,446.950012,448.299988,448.299988,3879154
16/06/2017,454.700012,458.399994,452,455.75,455.75,7042094
19/06/2017,453.799988,456.399994,450.5,452.350006,452.350006,3869675
20/06/2017,457,470.75,456,467.399994,467.399994,12014975
21/06/2017,466,466,455.5,457.299988,457.299988,5436141
22/06/2017,458.850006,463,451.600006,452.700012,452.700012,5008885
23/06/2017,454,456.5,442.399994,443.149994,443.149994,6753648
27/06/2017,443.799988,444.5,434.399994,442.299988,442.299988,5915274
28/06/2017,443.899994,446.799988,440.149994,442.5,442.5,4960238
29/06/2017,444.5,446.25,434,435.600006,435.600006,11085101
30/06/2017,433.899994,435.600006,428.049988,432.549988,432.549988,4776892
03/07/2017,431.5,434.700012,426.25,430.25,430.25,6230025
04/07/2017,434.200012,436.399994,426,426.899994,426.899994,5020683
05/07/2017,428.899994,433.950012,427.399994,431.75,431.75,5050749
06/07/2017,435.399994,438.799988,433.799988,437.100006,437.100006,4038188
07/07/2017,434.450012,441.450012,432.25,436.850006,436.850006,5311730
10/07/2017,446.600006,448.100006,444,446.950012,446.950012,1154721
11/07/2017,452,462.299988,451,456.950012,456.950012,12069006
12/07/2017,461,463.799988,456.600006,461,461,6051540
13/07/2017,464.5,464.5,455.549988,459.049988,459.049988,4382063
14/07/2017,460,460,450.399994,451.299988,451.299988,3974269
17/07/2017,455,458.350006,453.25,454.149994,454.149994,4922453
18/07/2017,452.600006,459.5,452.600006,456.149994,456.149994,2349268
19/07/2017,453,462.899994,453,460.600006,460.600006,3395937
20/07/2017,463.5,464.350006,457.350006,460.149994,460.149994,3318626
21/07/2017,460,465.899994,457.600006,464.600006,464.600006,3150269
24/07/2017,464.950012,468.350006,461,464,464,3773074
25/07/2017,462.149994,464.700012,454.700012,456.100006,456.100006,7052112
26/07/2017,457.200012,458.700012,455,457.299988,457.299988,3641559
27/07/2017,459,460.950012,440.299988,445.399994,445.399994,13738611
28/07/2017,444.600006,447.450012,442.450012,445.850006,445.850006,3365171
31/07/2017,446.25,449.700012,443.700012,444.600006,444.600006,3804621
01/08/2017,446.549988,452.350006,445.700012,446.899994,446.899994,4012791
02/08/2017,449.5,449.950012,438.149994,440.350006,440.350006,4045533
03/08/2017,441,441.5,429.600006,431.450012,431.450012,6197142
04/08/2017,435.100006,438.75,433.450012,435.600006,435.600006,4166729
07/08/2017,438.600006,439.799988,425.299988,430,430,6461815
08/08/2017,432,435.5,426,430,430,7134979
09/08/2017,428.799988,429.899994,415,416.049988,416.049988,10849567
10/08/2017,401,403.600006,375.25,380.200012,380.200012,28114017
11/08/2017,376,379.100006,358.5,374.5,374.5,14699477
14/08/2017,380,381.799988,372.600006,375.399994,375.399994,8216208
16/08/2017,379.450012,390.700012,375.5,389.25,389.25,11019760
17/08/2017,392.450012,392.450012,384.5,385.299988,385.299988,5971420
18/08/2017,381.75,383,377,380.399994,380.399994,5856198
21/08/2017,382,382.549988,371.299988,374.350006,374.350006,5123101
22/08/2017,378.799988,379.950012,372.25,373.600006,373.600006,4163794
23/08/2017,376,381.149994,373.350006,379.950012,379.950012,4448871
24/08/2017,380.100006,385.950012,380.100006,384.149994,384.149994,5208541
28/08/2017,385.850006,387.399994,378.299988,379.299988,379.299988,4403872
29/08/2017,379,382.350006,374.450012,376.100006,376.100006,4689547
30/08/2017,380.850006,382.75,377.450012,378.5,378.5,3734824
31/08/2017,380.049988,380.450012,375.799988,376.549988,376.549988,4685511
01/09/2017,379.350006,392.850006,378.649994,390.850006,390.850006,7380325
04/09/2017,393,396.049988,380.5,383.399994,383.399994,8433560
05/09/2017,385.700012,389.5,383.399994,388.149994,388.149994,4477993
06/09/2017,385,386.700012,381.850006,382.700012,382.700012,5953907
07/09/2017,383.700012,384.399994,376,378.149994,378.149994,7938665
08/09/2017,381,381.799988,374.049988,375.049988,375.049988,7471355
11/09/2017,380,380,374.200012,375.299988,375.299988,5402725
12/09/2017,378.700012,390,375.5,388.25,388.25,9266823
13/09/2017,391,393.950012,387.200012,389.649994,389.649994,6537279
14/09/2017,390.75,406.600006,390.25,404.399994,404.399994,11476571
15/09/2017,402.850006,406.75,400,401.75,401.75,9675506
18/09/2017,411.850006,413,403.200012,404.950012,404.950012,8966503
19/09/2017,415,427.700012,414,423.649994,423.649994,28208471
20/09/2017,422.75,422.75,413,414.799988,414.799988,5179160
21/09/2017,415.399994,418.450012,408.799988,413.649994,413.649994,6946502
22/09/2017,414,422.149994,408.850006,411.799988,411.799988,9781308
25/09/2017,413.649994,415.299988,404.600006,408.200012,408.200012,6957357
26/09/2017,409.399994,413.899994,403.299988,411.25,411.25,5077291
27/09/2017,413.5,414.25,402,404.899994,404.899994,4727360
28/09/2017,406.950012,406.950012,399,401.399994,401.399994,4850748
29/09/2017,401.399994,405,397.399994,401.5,401.5,7520906
03/10/2017,428,428,415,416,416,9696920
04/10/2017,417.549988,426,412.700012,423.549988,423.549988,7663143
05/10/2017,423,425.799988,420.100006,423.299988,423.299988,4606192
06/10/2017,422,426,416.200012,424.850006,424.850006,5308695
09/10/2017,424,432.100006,423.049988,425.600006,425.600006,4414381
10/10/2017,425.600006,428.899994,421.399994,423.600006,423.600006,5057869
11/10/2017,424.899994,424.899994,414.100006,415.5,415.5,4320451
12/10/2017,415.5,421.799988,409.350006,420.149994,420.149994,5442846
13/10/2017,421,429.299988,418.899994,424.799988,424.799988,6969434
16/10/2017,426.299988,438,425.850006,437.049988,437.049988,8476709
17/10/2017,435.75,435.75,430.200012,432.299988,432.299988,5135763
18/10/2017,432.25,437.299988,426.600006,433.200012,433.200012,5539785
19/10/2017,433,433.100006,424.25,426.950012,426.950012,1313380
23/10/2017,429.100006,430.850006,421,422.75,422.75,4013418
24/10/2017,422.75,423.799988,415.049988,416.049988,416.049988,4541742
25/10/2017,421,424.399994,415.100006,421.950012,421.950012,5666968
26/10/2017,421.700012,422.399994,417,419.399994,419.399994,6207936
27/10/2017,422.049988,434.350006,422.049988,429.899994,429.899994,7414741
30/10/2017,428.25,440.950012,428.25,436.549988,436.549988,7675104
31/10/2017,438.850006,438.850006,427.299988,428.399994,428.399994,6214996
01/11/2017,430.950012,439.950012,428.450012,437.75,437.75,7310931
02/11/2017,435.700012,440.399994,429.899994,434.899994,434.899994,8262211
03/11/2017,434,449.350006,432.649994,447.700012,447.700012,8116263
06/11/2017,445.75,468,443.549988,462.899994,462.899994,19456789
07/11/2017,458.200012,465.899994,450.049988,451.850006,451.850006,13266543
08/11/2017,448,455,431.299988,438.200012,438.200012,11193613
09/11/2017,442.100006,450.899994,425.649994,440.149994,440.149994,40547266
10/11/2017,438.950012,438.950012,420,422.549988,422.549988,22534490
13/11/2017,423,427.5,416.100006,418.100006,418.100006,9857544
14/11/2017,418.549988,421.850006,410.649994,414.299988,414.299988,8987515
15/11/2017,414.299988,417.549988,407,408.649994,408.649994,9867270
16/11/2017,411.350006,415.899994,411.350006,413.450012,413.450012,6291441
17/11/2017,419.450012,423.450012,417,421.799988,421.799988,6191428
20/11/2017,421,425.700012,420.100006,423,423,4051153
21/11/2017,424.450012,430,422.5,424.25,424.25,6745407
22/11/2017,425.450012,433,424.5,428.600006,428.600006,7899417
23/11/2017,428.600006,431.049988,422.450012,426.25,426.25,7374216
24/11/2017,427,429.950012,424.25,425.5,425.5,5108182
27/11/2017,423,424.75,417.799988,421.399994,421.399994,7946028
28/11/2017,419.799988,422.25,414.5,415.950012,415.950012,6217480
29/11/2017,415.899994,419.450012,412.049988,413.950012,413.950012,4327453
30/11/2017,410.399994,412.25,402.25,404.149994,404.149994,25646262
01/12/2017,407.899994,410.25,396.5,398.899994,398.899994,7959197
04/12/2017,405.799988,411.25,401.700012,403.649994,403.649994,10043491
05/12/2017,404.549988,405.5,396.549988,402.25,402.25,7144542
06/12/2017,400.200012,404,395,397.049988,397.049988,5573968
07/12/2017,398,405.299988,397.149994,402,402,7998863
08/12/2017,406,413.75,406,411.149994,411.149994,12288946
11/12/2017,412,415.200012,409.049988,410.149994,410.149994,5066242
12/12/2017,411.549988,415.5,405.950012,406.850006,406.850006,6151197
13/12/2017,407,409.850006,400,401.950012,401.950012,5140689
14/12/2017,404,404.549988,398.200012,402.399994,402.399994,4674026
15/12/2017,406.5,409,404.200012,405.100006,405.100006,5614113
18/12/2017,399,409.899994,389.299988,405.799988,405.799988,5356208
19/12/2017,407.350006,421.700012,407.350006,420.100006,420.100006,9686883
20/12/2017,421.950012,427.75,419.25,422.600006,422.600006,11191127
21/12/2017,424,426.049988,419.549988,420.799988,420.799988,4885225
22/12/2017,422.049988,426.399994,420.899994,422,422,5345261
26/12/2017,422,425.149994,421.149994,424.200012,424.200012,3700655
27/12/2017,423.5,428.450012,420.299988,422.450012,422.450012,3673355
28/12/2017,423.5,423.700012,416,418.600006,418.600006,5018893
29/12/2017,418,433.450012,417.149994,431.850006,431.850006,8640908
01/01/2018,430.950012,436.399994,422.25,424.450012,424.450012,6807536
02/01/2018,428.850006,440.850006,422,439.299988,439.299988,15331261
03/01/2018,440.399994,441.399994,431.950012,433.899994,433.899994,9794953
04/01/2018,430,433.299988,425.75,429.950012,429.950012,8395377
05/01/2018,431.25,436.350006,429.799988,431.600006,431.600006,7021611
08/01/2018,432,436.200012,431.649994,433.549988,433.549988,4635214
09/01/2018,434.25,443.5,433,437.549988,437.549988,12629045
10/01/2018,438,439.299988,431.299988,433.299988,433.299988,4702579
11/01/2018,433.5,437.600006,432.899994,434.75,434.75,4564895
12/01/2018,437,441.450012,432.100006,437.100006,437.100006,7408870
15/01/2018,438.049988,440.049988,431.049988,432.350006,432.350006,4042775
16/01/2018,433,435.200012,419.5,421.899994,421.899994,5623745
17/01/2018,422.049988,424.5,410.100006,422.950012,422.950012,10204447
18/01/2018,424,428.299988,414.450012,418.950012,418.950012,9579830
19/01/2018,415.200012,421.950012,415.049988,418.049988,418.049988,3894062
22/01/2018,419.049988,424.399994,418.450012,421.899994,421.899994,4643782
23/01/2018,422.799988,422.799988,414.75,418,418,6185011
24/01/2018,416,416.25,402.649994,403.600006,403.600006,10789570
25/01/2018,403.450012,407.649994,398,400.299988,400.299988,16312167
29/01/2018,402.5,405.899994,398.100006,399.25,399.25,5789602
30/01/2018,400,402.299988,395,395.850006,395.850006,6963005
31/01/2018,395.5,400.950012,395.25,399.5,399.5,5111454
01/02/2018,399.899994,403.799988,390.549988,393.649994,393.649994,7259426
02/02/2018,392,397.399994,381.299988,383.75,383.75,10070356
05/02/2018,381,398,380,395.799988,395.799988,9876017
06/02/2018,363,379.850006,356.5,375.450012,375.450012,25294860
07/02/2018,380.399994,385.399994,375.200012,377.799988,377.799988,12706795
08/02/2018,379.899994,380,372.200012,374.850006,374.850006,12452396
09/02/2018,369.899994,373.200012,368,368.75,368.75,8816777
12/02/2018,373.399994,376.200012,370.200012,371.799988,371.799988,6002369
14/02/2018,372.899994,382.299988,370.600006,376.850006,376.850006,9623436
15/02/2018,379.799988,382.200012,373.100006,375.799988,375.799988,10225880
16/02/2018,378,379.399994,367.600006,370.75,370.75,8545282
19/02/2018,373.700012,374.700012,362.799988,368.75,368.75,5658765
20/02/2018,370.350006,370.899994,366.5,369.299988,369.299988,3972114
21/02/2018,372.5,372.5,362.850006,364.450012,364.450012,8640166
22/02/2018,363,363,357.5,358.5,358.5,10870704
23/02/2018,360.100006,364.600006,358.75,360.200012,360.200012,6751064
26/02/2018,362,373.5,362,372.049988,372.049988,10576794
27/02/2018,375,376.600006,370.350006,372.549988,372.549988,6156672
28/02/2018,370,373.649994,367.149994,369.899994,369.899994,8009429
01/03/2018,369.75,376.299988,369.049988,370.75,370.75,6991806
05/03/2018,368.75,368.75,350.100006,352.049988,352.049988,14665325
06/03/2018,355.149994,357.950012,345,346.5,346.5,8876632
07/03/2018,345,355.299988,343.25,347.799988,347.799988,15599393
08/03/2018,350.799988,351.899994,341.049988,345.149994,345.149994,7674221
09/03/2018,345.549988,348.700012,340.149994,341.5,341.5,5519224
12/03/2018,345,353.799988,340.350006,352.600006,352.600006,8238960
13/03/2018,352.600006,356.450012,350,353.149994,353.149994,6184241
14/03/2018,351,354.899994,349.600006,354.049988,354.049988,3820313
15/03/2018,354.049988,358.399994,351.100006,353.100006,353.100006,4331145
16/03/2018,352.049988,352.600006,338.399994,339.75,339.75,14205582
19/03/2018,341.200012,342.100006,332.549988,335.700012,335.700012,9391347
20/03/2018,335.5,340.399994,333.549988,338.799988,338.799988,5080453
21/03/2018,339.899994,342.25,332.25,333.850006,333.850006,6812442
22/03/2018,338.5,340.25,334.799988,338.200012,338.200012,9255091
23/03/2018,330,334.799988,329.600006,330.850006,330.850006,8578297
26/03/2018,328.799988,333.899994,324.299988,332.350006,332.350006,8907023
27/03/2018,333.950012,335.799988,330.100006,331.149994,331.149994,6822448
28/03/2018,331.5,333.649994,325.200012,326.850006,326.850006,10975624
02/04/2018,335,340.799988,332.700012,339.149994,339.149994,9874486
03/04/2018,338.399994,344.5,337.149994,343.100006,343.100006,6989584
04/04/2018,346.799988,363.700012,346.25,355.600006,355.600006,27157199
05/04/2018,362.600006,372.350006,359.799988,362.200012,362.200012,28886070
06/04/2018,362,368.350006,356.450012,364.100006,364.100006,13297051
09/04/2018,361.899994,368.600006,357,358.299988,358.299988,9555113
10/04/2018,360.5,362.350006,351.5,353.25,353.25,8201215
11/04/2018,355,357.149994,350.5,355.799988,355.799988,5622957
12/04/2018,358,364.399994,357,358.399994,358.399994,13145938
13/04/2018,357.899994,361,354.399994,357.049988,357.049988,5935628
16/04/2018,350.799988,352.799988,337.549988,339.149994,339.149994,19157051
17/04/2018,342.299988,344.200012,332.600006,336.450012,336.450012,14241074
18/04/2018,338.200012,339.75,333.399994,334.799988,334.799988,6699271
19/04/2018,336.5,337,332.5,334.25,334.25,7087115
20/04/2018,335.950012,343.25,334.600006,336,336,11908652
23/04/2018,335.950012,339.5,333,334.049988,334.049988,8056732
24/04/2018,334.799988,335,330.600006,331.549988,331.549988,9210931
25/04/2018,330.799988,334,327.75,328.600006,328.600006,6306039
26/04/2018,329.899994,335.950012,326,330.25,330.25,16647689
27/04/2018,333,337.649994,331.049988,336.899994,336.899994,8804236
30/04/2018,338.5,342.75,337.25,340.399994,340.399994,5937740
02/05/2018,349.200012,351.649994,335,336.049988,336.049988,16022148
03/05/2018,335.5,335.899994,329.149994,333.5,333.5,6870513
04/05/2018,333.75,337.299988,329.5,334.399994,334.399994,6660062
07/05/2018,337.850006,337.850006,333.700012,335.149994,335.149994,3888627
08/05/2018,336.299988,336.600006,330.25,332.149994,332.149994,8114997
09/05/2018,331,347.25,331,341.950012,341.950012,19019847
10/05/2018,343.75,343.75,332.75,333.600006,333.600006,11158000
11/05/2018,334,334,330,330.799988,330.799988,7365579
14/05/2018,333,333,323,323.600006,323.600006,8312976
15/05/2018,324,324.049988,305.700012,310.100006,310.100006,15323964
16/05/2018,309.950012,315.75,306.700012,310.25,310.25,12051269
17/05/2018,313.100006,319.5,309.299988,314.899994,314.899994,10214660
18/05/2018,314.75,315,303.5,304.600006,304.600006,11688577
21/05/2018,304.75,307.200012,294.700012,295.899994,295.899994,11549490
22/05/2018,296.549988,312.5,296.549988,307.700012,307.700012,17199292
23/05/2018,311.100006,317.25,305.399994,309.450012,309.450012,17698475
24/05/2018,300,307.649994,284.100006,288.649994,288.649994,46104103
25/05/2018,290.399994,297.450012,286.25,294.149994,294.149994,19240172
28/05/2018,293.75,299.899994,290.299988,296.299988,296.299988,8516862
29/05/2018,296.799988,300,293,294.649994,294.649994,9816561
30/05/2018,289.950012,292.25,286.149994,288.899994,288.899994,11649429
31/05/2018,289.950012,290.850006,281.600006,282.5,282.5,28771987
01/06/2018,284.5,290.350006,283.049988,287.200012,287.200012,15840810
04/06/2018,292.5,293.850006,286,286.649994,286.649994,10835487
05/06/2018,286.649994,288.25,283.600006,284.950012,284.950012,7456195
06/06/2018,286.850006,296.899994,285.25,295.649994,295.649994,19754001
07/06/2018,296.299988,306.899994,295.25,305.399994,305.399994,22839023
08/06/2018,305.700012,315.549988,302.399994,309.950012,309.950012,27249374
11/06/2018,310.899994,313.899994,306.649994,309.75,309.75,14650133
12/06/2018,310.950012,313.649994,307.200012,307.799988,307.799988,7932388
13/06/2018,309.200012,311.25,307,308.399994,308.399994,7280886
14/06/2018,308.5,309.600006,303.799988,305.899994,305.899994,6532693
15/06/2018,305.75,307.649994,300.549988,302.950012,302.950012,8224497
18/06/2018,302.899994,311,302.100006,308.799988,308.799988,8787098
19/06/2018,309.600006,312.799988,303.299988,305.049988,305.049988,10498362
20/06/2018,304.899994,308.25,304.049988,305.600006,305.600006,6607472
21/06/2018,307.899994,308.5,305.5,307,307,5085379
22/06/2018,306.850006,308.899994,303.200012,308,308,6033095
25/06/2018,306.299988,306.299988,287.600006,289.399994,289.399994,16392183
26/06/2018,288.399994,288.399994,275.100006,276.850006,276.850006,30728620
27/06/2018,278.5,279.5,270,271.049988,271.049988,19077416
28/06/2018,272,272.649994,261.850006,263.350006,263.350006,19507165
29/06/2018,265.450012,270.5,262.649994,269.299988,269.299988,14765516
02/07/2018,276,276.049988,265.600006,266.700012,266.700012,16495647
03/07/2018,269.5,271.5,267.200012,269.450012,269.450012,11484332
04/07/2018,270,271.5,265.649994,267.049988,267.049988,7394858
05/07/2018,263.5,263.75,252.550003,261.549988,261.549988,20820454
06/07/2018,262,272.5,261.850006,270.850006,270.850006,19215897
09/07/2018,274.600006,277,272.049988,273.5,273.5,9387556
10/07/2018,274.899994,276.899994,272.899994,275.450012,275.450012,6351033
11/07/2018,276.399994,276.399994,267.100006,267.799988,267.799988,7356582
12/07/2018,269.600006,272,265.5,266.100006,266.100006,8573517
13/07/2018,267.299988,269.399994,262.700012,263.600006,263.600006,8352827
16/07/2018,260.5,260.799988,250.5,252.100006,252.100006,11067012
17/07/2018,253,259,252.300003,257.950012,257.950012,6350966
18/07/2018,259.450012,259.450012,247.300003,251.850006,251.850006,9348644
19/07/2018,254,257.850006,251.199997,252.5,252.5,9556686
20/07/2018,252.699997,254,251,253.399994,253.399994,6422014
23/07/2018,254.949997,259.5,251.100006,258.75,258.75,8891743
24/07/2018,258.75,263.75,257.100006,258.799988,258.799988,9906160
25/07/2018,260,261.700012,256.100006,257.850006,257.850006,6721386
26/07/2018,260.100006,263,257.5,258.25,258.25,8817721
27/07/2018,259.100006,269.700012,258.549988,268.149994,268.149994,15275469
30/07/2018,267.75,271.649994,266.200012,267.5,267.5,7801098
31/07/2018,268.950012,270.450012,262.200012,264.100006,264.100006,10026055
01/08/2018,250,268,250,265.049988,265.049988,53282545
02/08/2018,263.450012,266.450012,258.700012,260.850006,260.850006,17421472
03/08/2018,262.149994,263.850006,257.600006,258.450012,258.450012,9041836
06/08/2018,259.950012,261.799988,252.5,254.050003,254.050003,11371744
07/08/2018,255.199997,256,250.550003,251.600006,251.600006,14490727
08/08/2018,253.5,258.25,251.850006,255.149994,255.149994,16125867
09/08/2018,256.649994,260.399994,255.5,257.850006,257.850006,7777719
10/08/2018,257.25,258.649994,249.550003,250.100006,250.100006,14606037
13/08/2018,249.25,249.699997,243.100006,248.699997,248.699997,13877900
14/08/2018,248.600006,249.850006,247.199997,248.800003,248.800003,9171033
16/08/2018,245.800003,252.800003,245.25,251.300003,251.300003,14148347
17/08/2018,253.699997,260.100006,253,258.25,258.25,16117660
20/08/2018,261.850006,271.850006,259.200012,270.100006,270.100006,25576718
21/08/2018,271.850006,274.700012,266.700012,268.799988,268.799988,19505584
23/08/2018,269.200012,269.200012,256,256.899994,256.899994,18667622
24/08/2018,257,258.649994,255,255.5,255.5,8703468
27/08/2018,257,259.5,256.5,258.799988,258.799988,6127707
28/08/2018,261.700012,263.25,259.049988,260,260,8506857
29/08/2018,261.049988,263.5,261,261.700012,261.700012,5117552
30/08/2018,262.299988,263,259,259.350006,259.350006,6333570
31/08/2018,259.100006,268.25,258.100006,267.5,267.5,12360078
03/09/2018,271.399994,273,265.25,266.600006,266.600006,14597832
04/09/2018,270.5,270.799988,260.350006,261.950012,261.950012,14775900
05/09/2018,261,271,255.399994,266.5,266.5,10084307
06/09/2018,269.700012,272,263.850006,269.950012,269.950012,14736214
07/09/2018,269.549988,279.899994,269.25,277.399994,277.399994,26189156
10/09/2018,276,282,271.75,275.700012,275.700012,21322969
11/09/2018,277.25,278.850006,265.700012,267.299988,267.299988,13444031
12/09/2018,268.200012,268.200012,258.850006,262.399994,262.399994,14456273
14/09/2018,265,269.600006,263.399994,266.600006,266.600006,10710620
17/09/2018,263.350006,264.100006,259.649994,260.25,260.25,9461420
18/09/2018,257.75,259.799988,250.600006,251.5,251.5,11554420
19/09/2018,253.550003,255,251,252.600006,252.600006,7845650
21/09/2018,255.050003,257.700012,228.850006,250.350006,250.350006,18547453
24/09/2018,250.199997,251,239.350006,240.199997,240.199997,8889259
25/09/2018,241,243.5,235.449997,240.800003,240.800003,9030367
26/09/2018,242.300003,243.199997,229.550003,233.350006,233.350006,17810869
27/09/2018,234.800003,236.550003,223.100006,225.25,225.25,17430781
28/09/2018,227.899994,230.699997,219.5,223.699997,223.699997,14196824
01/10/2018,225,230.449997,220,229.350006,229.350006,9743094
03/10/2018,230,232.800003,225.800003,227.600006,227.600006,9094685
04/10/2018,224,230.800003,221.75,223.25,223.25,13898979
05/10/2018,222.75,226.449997,214.75,216.25,216.25,10471026
08/10/2018,217.800003,218.5,208.100006,212.350006,212.350006,11854170
09/10/2018,205.699997,206,170.300003,184.350006,184.350006,142760251
10/10/2018,186,190.949997,185.050003,188.75,188.75,35670907
11/10/2018,180.649994,187.75,178,182.949997,182.949997,19323517
12/10/2018,185.949997,188.399994,182.600006,183.75,183.75,18014894
15/10/2018,186.5,186.5,182.699997,184.350006,184.350006,11658409
16/10/2018,185.199997,187.25,184.550003,185.850006,185.850006,9695745
17/10/2018,187.600006,187.800003,179.100006,179.949997,179.949997,12004524
19/10/2018,178.949997,179.75,174,174.699997,174.699997,10469358
22/10/2018,176.399994,176.850006,170.050003,170.75,170.75,11721075
23/10/2018,170,175.699997,169.550003,170.649994,170.649994,15588511
24/10/2018,173.899994,175,169,170.649994,170.649994,15421903
25/10/2018,168.949997,169.75,164.600006,165.350006,165.350006,14877057
26/10/2018,166,172.800003,165.899994,168.5,168.5,19584723
29/10/2018,169.949997,176.5,167.699997,175.350006,175.350006,14171750
30/10/2018,177,181.5,176.050003,177.25,177.25,15602414
31/10/2018,178.300003,180,173.449997,179.100006,179.100006,12579712
01/11/2018,182,186.050003,178.199997,179.449997,179.449997,28947802
02/11/2018,180.949997,191.850006,180.899994,190.300003,190.300003,29425248
05/11/2018,191.300003,191.300003,186.649994,189.800003,189.800003,14818506
06/11/2018,192.449997,199.949997,191.75,193.25,193.25,35339222
07/11/2018,194.949997,195.75,193.350006,194.850006,194.850006,3932893
09/11/2018,192.899994,200.75,192,195.25,195.25,22341961
12/11/2018,194.449997,194.449997,185.199997,186.050003,186.050003,20789180
13/11/2018,180.75,183,178.350006,179.5,179.5,22189598
14/11/2018,180.5,183,176.25,176.800003,176.800003,15795883
15/11/2018,178,182.699997,177.5,180.199997,180.199997,18740276
16/11/2018,180.899994,181.850006,177.850006,179.899994,179.899994,10022823
19/11/2018,180.600006,185.5,179.100006,184.600006,184.600006,14522581
20/11/2018,184.050003,188.300003,183.199997,183.75,183.75,13114982
21/11/2018,184.399994,186.75,183.75,184.149994,184.149994,8097107
22/11/2018,185.5,186.149994,181.75,182.550003,182.550003,9135857
26/11/2018,183.899994,184.449997,177,181.75,181.75,9865426
27/11/2018,181.699997,184.550003,178.550003,180.050003,180.050003,11639680
28/11/2018,181,181.350006,174,174.449997,174.449997,12504717
29/11/2018,175.949997,179.350006,173.449997,177.25,177.25,20892744
30/11/2018,172,174.899994,170.350006,171.949997,171.949997,18393012
03/12/2018,173.25,176.449997,170,175.449997,175.449997,14068885
04/12/2018,177.949997,178.75,175.300003,175.75,175.75,11481923
05/12/2018,173,173,168.600006,169.199997,169.199997,14960527
06/12/2018,168.5,168.699997,161.600006,162.649994,162.649994,15428019
07/12/2018,162.25,164.199997,160.800003,162.399994,162.399994,13545006
10/12/2018,159.899994,160.5,156.5,157.100006,157.100006,13520495
11/12/2018,155,159.5,154.649994,158.100006,158.100006,12094881
12/12/2018,159.5,167.100006,158,164.100006,164.100006,22461175
13/12/2018,166,168,165.550003,166.850006,166.850006,12235499
14/12/2018,166,168.399994,164.850006,166.949997,166.949997,10091732
17/12/2018,167.25,175.949997,167.25,173.949997,173.949997,28526103
18/12/2018,174,177.600006,173.100006,174.75,174.75,18015933
19/12/2018,176.5,176.5,172.5,173.899994,173.899994,11540042
20/12/2018,173,177.300003,171.75,176.399994,176.399994,15819006
21/12/2018,177,180.5,175.149994,176.25,176.25,23742481
24/12/2018,176.25,177.850006,171.5,172.5,172.5,11374468
26/12/2018,171.449997,172.199997,167.600006,170.899994,170.899994,12044191
27/12/2018,172.75,173.399994,167.699997,168.25,168.25,15231581
28/12/2018,169.399994,172.199997,169.149994,170.850006,170.850006,8669584
31/12/2018,172.449997,173.899994,171.75,172.699997,172.699997,8511388
01/01/2019,173.5,174.199997,171.300003,173.449997,173.449997,6715543
02/01/2019,170.600006,171.75,168,168.550003,168.550003,13410104
03/01/2019,169,170.149994,165.100006,166.050003,166.050003,9321842
04/01/2019,169,171.949997,168.5,170.949997,170.949997,17650435
07/01/2019,173.199997,178.199997,173.199997,175.350006,175.350006,21438351
08/01/2019,176.100006,180.5,176.100006,179.949997,179.949997,20128985
09/01/2019,181.5,183.600006,180.199997,183.050003,183.050003,17468948
10/01/2019,183.649994,186.850006,183.550003,185.75,185.75,16961888
11/01/2019,186.550003,187.75,179.399994,180.300003,180.300003,25902974
14/01/2019,180.300003,198.300003,177.449997,182.399994,182.399994,18935120
15/01/2019,183.300003,185.800003,181.25,185.350006,185.350006,13536578
16/01/2019,186,187.350006,184.050003,185.449997,185.449997,11874245
17/01/2019,186,187.300003,183.399994,184.899994,184.899994,9365756
18/01/2019,185.649994,185.649994,181.300003,183.300003,183.300003,6797621
21/01/2019,184.300003,184.949997,180.649994,181.5,181.5,6918258
22/01/2019,181.5,181.5,175.949997,180.850006,180.850006,9775717
23/01/2019,181.699997,182.699997,178.550003,180.25,180.25,9778926
24/01/2019,180,180.300003,173.699997,175.399994,175.399994,13461254
25/01/2019,175.949997,178.899994,171.949997,173.25,173.25,12136892
28/01/2019,173.300003,175.350006,169.399994,172.300003,172.300003,8167430
29/01/2019,172.350006,174.899994,170.899994,173.600006,173.600006,6141180
30/01/2019,174.300003,176.75,173.300003,174.600006,174.600006,7757847
31/01/2019,175.800003,183.899994,175.800003,181.199997,181.199997,22277646
01/02/2019,182,185.899994,179.550003,181.649994,181.649994,14931422
04/02/2019,181,183.699997,178.199997,180.25,180.25,11854351
05/02/2019,180.699997,181.149994,174.699997,175.800003,175.800003,12064426
06/02/2019,176,179.449997,171.899994,178.5,178.5,10334594
07/02/2019,179,185,178.899994,182.850006,182.850006,16152722
08/02/2019,164.600006,164.600006,129,150.699997,150.699997,102256857
11/02/2019,150.149994,153.25,145.850006,152.649994,152.649994,26161867
12/02/2019,152.949997,154.399994,150.600006,151.800003,151.800003,14174912
14/02/2019,155.949997,161,153.800003,159.850006,159.850006,16348306
15/02/2019,159.800003,162.300003,153.149994,161.649994,161.649994,20705576
18/02/2019,162.800003,163.449997,159.199997,162.899994,162.899994,13503666
19/02/2019,164,165.949997,161.550003,163.75,163.75,14533142
20/02/2019,164.449997,166.699997,163.75,164.800003,164.800003,11610728
21/02/2019,165.600006,170.600006,165.100006,169.699997,169.699997,14811723
22/02/2019,170,175.300003,167.850006,174.300003,174.300003,13011477
25/02/2019,175.149994,177.5,173.5,175.75,175.75,15554532
26/02/2019,173,183.449997,172.5,182.649994,182.649994,31859427
27/02/2019,183.550003,186.100006,176.100006,177.350006,177.350006,19723906
28/02/2019,180,181.550003,176.600006,177.449997,177.449997,18692372
01/03/2019,178.649994,184,177.350006,180.300003,180.300003,20539919
05/03/2019,183.800003,198.350006,181.399994,194.050003,194.050003,58138551
06/03/2019,195.399994,195.399994,187.75,188.800003,188.800003,22468702
07/03/2019,191.399994,193.449997,187.800003,189.300003,189.300003,27051501
08/03/2019,187.800003,187.949997,180,181.199997,181.199997,28012914
11/03/2019,182,184.600006,181.050003,181.850006,181.850006,25669662
12/03/2019,184.399994,186,183.550003,184.800003,184.800003,18657724
13/03/2019,184.449997,184.899994,180.399994,181.699997,181.699997,9769821
14/03/2019,181.5,182.449997,177.649994,179.550003,179.550003,15737080
15/03/2019,180.199997,181.399994,177.600006,180,180,17490993
18/03/2019,181,184.699997,179.5,182.25,182.25,14690339
19/03/2019,182,184.5,180.75,182.850006,182.850006,10318028
20/03/2019,183,183.449997,179.600006,180.199997,180.199997,7543753
22/03/2019,181.949997,182,174.899994,175.399994,175.399994,11505994
25/03/2019,173.699997,173.800003,170.550003,171.300003,171.300003,11864723
26/03/2019,171.899994,173.600006,171.600006,173.100006,173.100006,7820112
27/03/2019,174,175,169.149994,169.850006,169.850006,10047628
28/03/2019,169,171.399994,167.550003,170.550003,170.550003,13203927
01/04/2019,176.350006,189.75,176.350006,187.350006,187.350006,46389181
02/04/2019,188.050003,204.399994,185.300003,202.949997,202.949997,100834335
03/04/2019,205,208.949997,199.199997,201.350006,201.350006,81779620
04/04/2019,201.850006,206.899994,201.050003,206.149994,206.149994,41268908
05/04/2019,208,209.5,202.300003,205.149994,205.149994,32057373
08/04/2019,206,207.399994,198.800003,200.550003,200.550003,23877595
09/04/2019,200,207.600006,198.149994,205.899994,205.899994,29611268
10/04/2019,206,217.399994,205.600006,216.050003,216.050003,69349488
11/04/2019,216.600006,219.199997,213.300003,218.199997,218.199997,41859862
12/04/2019,218.949997,219,215,215.949997,215.949997,21788548
15/04/2019,217.149994,233.25,217.149994,231.75,231.75,57283251
16/04/2019,233.800003,234.100006,225.649994,230.5,230.5,41653657
18/04/2019,231.899994,239.300003,230.600006,236.25,236.25,42451178
22/04/2019,235,239.350006,231.699997,234.850006,234.850006,30282217
23/04/2019,235,235.850006,230.25,231.649994,231.649994,18975358
24/04/2019,231.649994,232.949997,217.600006,223.600006,223.600006,50317411
25/04/2019,223.399994,225.899994,220.25,221.850006,221.850006,27132908
26/04/2019,221.899994,221.899994,214,215.600006,215.600006,26038093
30/04/2019,216.199997,218.649994,210.300003,214.300003,214.300003,21289116
02/05/2019,211,212.649994,206.5,207.300003,207.300003,21986007
03/05/2019,205,213.649994,203.050003,209.449997,209.449997,37153857
06/05/2019,204,204.5,198,199.800003,199.800003,30117667
07/05/2019,201.699997,202.850006,189.350006,190.949997,190.949997,30516908
08/05/2019,190,190.899994,183.800003,185.100006,185.100006,28443735
09/05/2019,184.300003,189.800003,182.300003,186.350006,186.350006,32841616
10/05/2019,187,190.600006,184.300003,185.899994,185.899994,28910719
13/05/2019,186.199997,187.149994,179.600006,180.75,180.75,15373536
14/05/2019,178.25,186.050003,177.800003,184.5,184.5,21412933
15/05/2019,185.550003,185.949997,167.399994,169.449997,169.449997,31427815
16/05/2019,176,177.550003,172.800003,175.399994,175.399994,30308248
17/05/2019,174.949997,177.699997,170.199997,176.850006,176.850006,21575989
20/05/2019,181.449997,192,179.25,190.149994,190.149994,29873588
21/05/2019,185.25,186.899994,174.050003,176.800003,176.800003,57822527
22/05/2019,177.600006,180.399994,174.800003,179.100006,179.100006,25845734
23/05/2019,182.850006,182.850006,173.5,175.149994,175.149994,22912106
24/05/2019,177,183.5,175.350006,182.300003,182.300003,22494409
27/05/2019,181.75,183.5,179.300003,181.350006,181.350006,14774311
28/05/2019,181.350006,185.300003,179.800003,180.25,180.25,23272915
29/05/2019,179.850006,180,175.350006,176.350006,176.350006,15222008
30/05/2019,177.5,178.5,173.100006,175.149994,175.149994,18078726
31/05/2019,177.800003,177.850006,170,172.600006,172.600006,21488115
03/06/2019,170.5,175,168.399994,174.5,174.5,21288078
04/06/2019,174.25,177.199997,172.399994,173.25,173.25,17428731
06/06/2019,174.050003,175.850006,168.850006,169.699997,169.699997,16874819
07/06/2019,169.899994,171.699997,167.25,169.5,169.5,14465703
10/06/2019,170.899994,172.050003,163.550003,166.199997,166.199997,20209862
11/06/2019,166.850006,171.899994,165.649994,170.75,170.75,20363493
12/06/2019,170.899994,172.199997,168.100006,169.050003,169.050003,12819208
13/06/2019,166.899994,168.899994,164.5,167.399994,167.399994,15144315
14/06/2019,167.5,167.5,163.5,164.199997,164.199997,10920508
17/06/2019,163.75,164.149994,158,158.75,158.75,14381813
18/06/2019,159,161,156.75,158.300003,158.300003,14003043
19/06/2019,160,163.75,152.5,154.649994,154.649994,25257018
20/06/2019,153.449997,160,152.149994,159.25,159.25,19247947
21/06/2019,155,160.75,154.5,158.899994,158.899994,23304207
24/06/2019,158.699997,160.199997,156.199997,159.300003,159.300003,13185118
25/06/2019,158,161,156.850006,160.449997,160.449997,13368928
26/06/2019,160.100006,162.199997,158.75,161.100006,161.100006,18481332
27/06/2019,161.850006,168,161.100006,165.850006,165.850006,26612983
28/06/2019,165.199997,166.75,161.350006,162.550003,162.550003,15092229
01/07/2019,163.699997,169.399994,163.199997,168,168,23990900
02/07/2019,166.800003,167.350006,161.350006,163.75,163.75,16903683
03/07/2019,163.75,165,161.699997,162.300003,162.300003,13606179
04/07/2019,162.5,167.75,162,165.199997,165.199997,19512938
05/07/2019,165.149994,166.949997,159.5,160.199997,160.199997,14374084
08/07/2019,159.350006,159.5,153.5,154.550003,154.550003,15149035
09/07/2019,154,157.149994,152.75,155.800003,155.800003,16112345
10/07/2019,156.25,156.25,149.100006,151.649994,151.649994,31737846
11/07/2019,153,157.699997,150.350006,156.800003,156.800003,24099895
12/07/2019,155.899994,162.850006,154,159.300003,159.300003,27307153
15/07/2019,159,162.600006,157.850006,160.949997,160.949997,19924720
16/07/2019,159.800003,170.949997,159.050003,170,170,39025331
17/07/2019,170,172.350006,166.300003,167.899994,167.899994,25236730
18/07/2019,167.25,167.25,160,160.75,160.75,19055022
19/07/2019,161.449997,162.399994,153.850006,154.850006,154.850006,18954216
22/07/2019,155.449997,159.300003,155.25,156.75,156.75,15995349
23/07/2019,157.399994,159,154.800003,156.199997,156.199997,12942555
24/07/2019,156.350006,157.550003,150.5,151.25,151.25,16292964
25/07/2019,151.300003,152.5,143.75,144.300003,144.300003,34364032
26/07/2019,138.100006,150.149994,138.100006,147.149994,147.149994,83905651
29/07/2019,146.899994,146.899994,136.850006,137.550003,137.550003,38844222
30/07/2019,138,139.699997,132.600006,133.449997,133.449997,35725524
31/07/2019,133.5,136.399994,132.5,135.600006,135.600006,27024859
01/08/2019,135.5,136.300003,127.550003,129.550003,129.550003,38991424
02/08/2019,128.5,133.199997,127,130.699997,130.699997,44016138
05/08/2019,128,128.199997,122.300003,123.75,123.75,35452262
06/08/2019,123.050003,126.550003,121.75,122.5,122.5,34790369
07/08/2019,122.599998,123.849998,116.5,117.400002,117.400002,37287779
08/08/2019,118,125,116.900002,124.050003,124.050003,35876237
09/08/2019,124.5,126.5,120.699997,122.050003,122.050003,39245417
13/08/2019,123.800003,126.300003,121,121.949997,121.949997,35498118
14/08/2019,122.699997,123.800003,118.599998,120.900002,120.900002,30136178
16/08/2019,119.900002,122.449997,117.349998,121.349998,121.349998,35264621
19/08/2019,121.199997,122.599998,120,120.800003,120.800003,23194786
20/08/2019,120,124.800003,119,123.849998,123.849998,34809225
21/08/2019,123,123,109.5,112.400002,112.400002,83509593
22/08/2019,112,114,106.199997,107.699997,107.699997,58612708
23/08/2019,108.900002,111.599998,107.650002,111.050003,111.050003,41178606
26/08/2019,114.550003,115.400002,106.800003,110.550003,110.550003,47757623
27/08/2019,112.699997,121.400002,111.800003,120.349998,120.349998,70636441
28/08/2019,120.550003,124,114.800003,116.349998,116.349998,74245952
29/08/2019,116.5,118.5,112.099998,114.300003,114.300003,48098849
30/08/2019,115.599998,117.300003,112,116.699997,116.699997,42250518
03/09/2019,113.050003,115.349998,111.199997,112.650002,112.650002,36905736
04/09/2019,112,113,106,109.5,109.5,76317447
05/09/2019,109.75,119.349998,109.5,118.050003,118.050003,75789807
06/09/2019,118.349998,122.300003,116.550003,121.25,121.25,67761586
09/09/2019,119,122.599998,117.349998,121.900002,121.900002,51297512
11/09/2019,127,135,125.300003,134.350006,134.350006,96568372
12/09/2019,134.600006,135.350006,126.699997,127.949997,127.949997,72084195
13/09/2019,129.199997,130.949997,125.5,129.550003,129.550003,69088728
16/09/2019,128,130.300003,126.5,128.600006,128.600006,40951047
17/09/2019,129,130.5,121.349998,122,122,47652658
18/09/2019,123.050003,125.900002,120.5,121.75,121.75,53048836
19/09/2019,123.5,125.349998,121.199997,124.199997,124.199997,51011848
20/09/2019,125,137.75,122.599998,133.25,133.25,89223235
23/09/2019,135,138.399994,126.5,127.900002,127.900002,51032391
24/09/2019,128.050003,132.199997,128,130.899994,130.899994,41659100
25/09/2019,129.899994,129.899994,121.5,123.050003,123.050003,47567575
26/09/2019,123.900002,127.25,122.800003,124.5,124.5,45866398
27/09/2019,122,122.449997,118.199997,119.900002,119.900002,45875793
30/09/2019,120.650002,120.849998,116.400002,117.449997,117.449997,32158885
01/10/2019,118,119.849998,113,115.300003,115.300003,40232789
03/10/2019,112.650002,123.5,112.650002,122.400002,122.400002,65103359
04/10/2019,122.800003,123.800003,118.800003,119.650002,119.650002,35712218
07/10/2019,120.25,120.550003,116.349998,117.5,117.5,35471184
09/10/2019,118.5,121.699997,115.449997,120.900002,120.900002,44666296
10/10/2019,119.300003,119.699997,116.199997,116.800003,116.800003,31229192
11/10/2019,118.050003,122.199997,117.25,121.300003,121.300003,41027561
14/10/2019,122.599998,130,122.5,127.849998,127.849998,68048611
15/10/2019,127.099998,128.899994,123.699997,126.949997,126.949997,57548920
16/10/2019,127.300003,128.300003,124.5,125.849998,125.849998,31522518
17/10/2019,127.099998,144.350006,125.099998,139.5,139.5,67933615
18/10/2019,139,141.800003,135.600006,136.850006,136.850006,64884113
22/10/2019,133.350006,135.600006,129.800003,131.75,131.75,53532482
23/10/2019,130.449997,133.800003,127.25,132.649994,132.649994,50293574
24/10/2019,133,135.149994,130.5,133.5,133.5,41951668
25/10/2019,132,133,125.699997,126.849998,126.849998,42868958
29/10/2019,151.899994,175.5,151.199997,172.449997,172.449997,184435614
30/10/2019,175,175.649994,166.550003,171.899994,171.899994,90759545
31/10/2019,169.800003,179.649994,168.949997,177.699997,177.699997,81392641
01/11/2019,175.199997,178,172.399994,175.050003,175.050003,40613555
04/11/2019,171.600006,178.449997,170.850006,172.199997,172.199997,40641411
05/11/2019,173.25,175.75,169.949997,172,172,36268596
06/11/2019,172,176.350006,170.5,174.5,174.5,28923778
07/11/2019,174.699997,174.699997,167.600006,171.5,171.5,38625387
08/11/2019,170.75,178.899994,167.800003,169.050003,169.050003,39102947
11/11/2019,169.199997,172.949997,169.050003,172,172,22192924
13/11/2019,171.5,176,169.399994,170.600006,170.600006,33926248
14/11/2019,170.199997,170.300003,165.5,167.050003,167.050003,25433481
15/11/2019,169,173.399994,167.350006,168.550003,168.550003,29614682
18/11/2019,172.100006,172.100006,169.25,170.100006,170.100006,19053232
19/11/2019,170.800003,171.75,167.100006,167.75,167.75,19599195
20/11/2019,167.75,170.199997,166.199997,167.399994,167.399994,19504078
21/11/2019,166.949997,170.100006,163,164.149994,164.149994,21609120
22/11/2019,164.899994,165.25,160.550003,162.350006,162.350006,21200979
25/11/2019,160.699997,166.600006,159.899994,166.100006,166.100006,26131453
26/11/2019,166.649994,167.300003,162.550003,163.399994,163.399994,25520822
27/11/2019,165.300003,169.300003,165,165.899994,165.899994,29527702
28/11/2019,165.75,166.300003,163.550003,164.800003,164.800003,16609775
29/11/2019,164.800003,167.75,160.600006,161.5,161.5,20010205
02/12/2019,160.949997,163,158.949997,161.050003,161.050003,19441998
03/12/2019,162.949997,162.949997,157.399994,158.199997,158.199997,21156471
04/12/2019,158.5,170.350006,157.699997,169.399994,169.399994,72084687
05/12/2019,170.350006,172.199997,165.199997,166.100006,166.100006,31787128
06/12/2019,167,168,160.050003,161.5,161.5,27727162
09/12/2019,162,166.449997,159.75,160.5,160.5,30920409
10/12/2019,162.149994,163.25,159.050003,159.699997,159.699997,26259395
11/12/2019,160.399994,163,157.399994,161.800003,161.800003,21154277
12/12/2019,163.449997,174.899994,162.5,173.350006,173.350006,66138915
13/12/2019,177.25,183.949997,175.5,176.699997,176.699997,93019636
16/12/2019,177,178.800003,173.350006,174.949997,174.949997,26249975
17/12/2019,176,181.149994,175.350006,180.199997,180.199997,38213263
18/12/2019,182.100006,184.5,170.449997,174.800003,174.800003,63861334
19/12/2019,174.649994,180.199997,174,179.149994,179.149994,53466924
20/12/2019,180.399994,181.699997,174.850006,175.949997,175.949997,48818008
23/12/2019,176.850006,179,174.149994,176.050003,176.050003,27192195
24/12/2019,177.649994,178,174.649994,175.5,175.5,20560311
26/12/2019,175.899994,176.449997,174.100006,174.600006,174.600006,18785333
27/12/2019,176,176.949997,174.850006,176.149994,176.149994,12095797
30/12/2019,177.199997,184.350006,176.300003,183.699997,183.699997,40948394
31/12/2019,184,187.899994,181.550003,185.149994,185.149994,52869996
01/01/2020,185.149994,186.699997,183.600006,184.449997,184.449997,25968357
02/01/2020,185,194.699997,184.600006,193.75,193.75,57289863
03/01/2020,192.899994,195.649994,189.25,191.100006,191.100006,47572728
06/01/2020,191,191,185.050003,185.649994,185.649994,28621212
07/01/2020,187,189.399994,182.300003,184.699997,184.699997,34995035
08/01/2020,180.199997,184.199997,180.199997,182.550003,182.550003,21862695
09/01/2020,184.850006,192.75,184.25,192,192,40803142
10/01/2020,192,199,190,196.350006,196.350006,60252338
13/01/2020,194.75,197.75,191.399994,196.25,196.25,40535961
14/01/2020,195.699997,198.25,193.600006,195.850006,195.850006,29867542
15/01/2020,195,201.699997,194,200.350006,200.350006,38485962
16/01/2020,199.5,200.600006,196.899994,197.550003,197.550003,28118140
17/01/2020,197.25,199.449997,195.699997,197.300003,197.300003,18204088
20/01/2020,198,201.449997,194.300003,195,195,28976013
21/01/2020,195.5,196.399994,190.199997,191.399994,191.399994,20859400
22/01/2020,191.949997,192.5,184.25,185.600006,185.600006,32952072
23/01/2020,186.75,190.399994,183.800003,188.399994,188.399994,33032086
24/01/2020,188,191,185,186.5,186.5,21791825
27/01/2020,185.699997,186.899994,180.850006,182.199997,182.199997,30132428
28/01/2020,183.899994,184.300003,174.899994,176.100006,176.100006,38283588
29/01/2020,178.800003,188.899994,178.550003,188.050003,188.050003,61585660
30/01/2020,190.949997,192.550003,184.25,186.199997,186.199997,70900581
31/01/2020,186.300003,188.350006,175.949997,176.600006,176.600006,75621897
03/02/2020,163.5,168.300003,159.550003,163.850006,163.850006,66616190
04/02/2020,166.550003,168.600006,161.199997,165.699997,165.699997,49034642
05/02/2020,167.399994,184.949997,166.600006,183.75,183.75,92982265
06/02/2020,182,183.399994,175.75,178.850006,178.850006,61821140
07/02/2020,177.399994,178.149994,173,173.600006,173.600006,45195760
10/02/2020,173.199997,173.199997,168,168.899994,168.899994,33279372
11/02/2020,171.850006,175.149994,168.399994,169.75,169.75,42868276
12/02/2020,173,173.300003,169,170.949997,170.949997,34621395
13/02/2020,171.350006,172.350006,168.100006,169.5,169.5,25049848
14/02/2020,172,176.199997,168.300003,169.100006,169.100006,56676430
17/02/2020,170.399994,171.350006,166.350006,169.100006,169.100006,32893274
18/02/2020,168,168,158.600006,161.600006,161.600006,52744122
19/02/2020,162.850006,164.600006,153.050003,158.050003,158.050003,78914233
20/02/2020,157.949997,162.300003,156,158.5,158.5,54328194
24/02/2020,154,155.899994,149.600006,150.649994,150.649994,39706007
25/02/2020,152.199997,153.399994,147.449997,149.899994,149.899994,52719851
26/02/2020,146.899994,147.899994,143.699997,144.550003,144.550003,47605927
27/02/2020,144.149994,146.75,141.100006,145.25,145.25,51328153
28/02/2020,138.850006,139.600006,127.050003,128.949997,128.949997,94469619
02/03/2020,133,133.899994,123.800003,125.400002,125.400002,111585697
03/03/2020,127.5,131.399994,125.25,130.350006,130.350006,86765576
04/03/2020,129.600006,129.600006,120.550003,126.199997,126.199997,97546902
05/03/2020,127.550003,129.149994,124.25,125.75,125.75,87795649
06/03/2020,115,117.300003,112.800003,114.199997,114.199997,83971462
09/03/2020,109,109.849998,104.25,105.699997,105.699997,81549809
11/03/2020,104.849998,106.5,97.800003,98.900002,98.900002,111146790
12/03/2020,91.099998,94.900002,84.099998,88,88,143550830
13/03/2020,81.900002,94.150002,78.050003,89.75,89.75,106151311
16/03/2020,85.599998,87.650002,82.199997,82.949997,82.949997,73702778
17/03/2020,83.050003,85,77.400002,77.949997,77.949997,71842549
18/03/2020,79.900002,80.449997,75.099998,75.5,75.5,70105052
19/03/2020,70,76.5,68.75,72.949997,72.949997,68122549
20/03/2020,74,79.599998,72.650002,77.300003,77.300003,86043342
23/03/2020,70,72,66,66.199997,66.199997,34184325
24/03/2020,69.900002,71.5,63.5,68.550003,68.550003,49551990
25/03/2020,67.75,71.699997,67.25,70.25,70.25,57713806
26/03/2020,71.449997,73.5,68.300003,70.800003,70.800003,63821068
27/03/2020,72.050003,75.900002,69.349998,70.699997,70.699997,58814757
30/03/2020,68.800003,70,67.25,68.150002,68.150002,35278010
31/03/2020,70.599998,71.5,68.199997,71.050003,71.050003,46157286
01/04/2020,70.5,71.650002,67.550003,67.949997,67.949997,38149007
03/04/2020,66.900002,66.900002,64.800003,65.300003,65.300003,35346301
07/04/2020,68.550003,69.300003,66.900002,67.25,67.25,42066469
08/04/2020,66.5,71.599998,65.400002,67.599998,67.599998,82179303
09/04/2020,69.599998,76.25,69.099998,74.599998,74.599998,112677273
13/04/2020,76,77.599998,72.699997,74.25,74.25,70409900
15/04/2020,75.400002,78.699997,71.949997,72.900002,72.900002,81121081
16/04/2020,71.75,75.400002,71,74.650002,74.650002,47910164
17/04/2020,78.300003,78.300003,74.699997,76.849998,76.849998,58333485
20/04/2020,76.849998,83.400002,75.5,80.449997,80.449997,125425355
21/04/2020,78,78,74,74.650002,74.650002,58248325
22/04/2020,74.449997,76.550003,72.550003,75.900002,75.900002,56529293
23/04/2020,76.75,78.650002,75.400002,75.650002,75.650002,50366856
24/04/2020,75,76.900002,74,74.199997,74.199997,40047438
27/04/2020,75.900002,76.199997,74.800003,75.25,75.25,27835340
28/04/2020,75.650002,78.199997,75.199997,76.949997,76.949997,34825405
29/04/2020,77.449997,79.300003,76.550003,78.150002,78.150002,40784783
30/04/2020,85.949997,93.75,85.949997,93.25,93.25,170634033
04/05/2020,87,87.199997,81.5,83.900002,83.900002,91159477
05/05/2020,86,86.800003,80.400002,80.900002,80.900002,57122148
06/05/2020,81.550003,83.949997,80.349998,83.199997,83.199997,53739248
07/05/2020,82.900002,84.650002,82.099998,82.5,82.5,31159970
08/05/2020,84.5,84.949997,80.550003,81.050003,81.050003,35362751
11/05/2020,81.449997,90.650002,81.400002,86.099998,86.099998,152588401
12/05/2020,85.949997,87.699997,83.5,86.199997,86.199997,77551590
13/05/2020,92.5,92.5,86.25,87.199997,87.199997,68086031
14/05/2020,83.949997,85.300003,82.550003,83.800003,83.800003,46340453
15/05/2020,84.699997,85.349998,82.800003,84.349998,84.349998,38592209
18/05/2020,84.5,84.5,79.599998,80.650002,80.650002,44221170
19/05/2020,82.5,85.650002,81.5,81.800003,81.800003,65378983
20/05/2020,81.25,84.400002,80.699997,83.449997,83.449997,36351053
21/05/2020,83.099998,85.199997,82.900002,84.099998,84.099998,37290144
22/05/2020,83.400002,83.900002,82,82.800003,82.800003,29252676
26/05/2020,83.900002,85.699997,82.599998,83.099998,83.099998,38014864
27/05/2020,84.099998,86,84,84.550003,84.550003,57947903
28/05/2020,86,88.150002,84.550003,87,87,96179680
29/05/2020,85.550003,87.5,84.650002,87,87,80813537
01/06/2020,88.900002,91.199997,88,89.550003,89.550003,71070852
02/06/2020,90,97.300003,89.75,96.5,96.5,125407771
03/06/2020,100,101.449997,97.400002,98.75,98.75,90598067
04/06/2020,99,101.400002,96.800003,98.5,98.5,72078707
05/06/2020,100.449997,112.449997,99.050003,110.75,110.75,187209208
08/06/2020,114,119.150002,113.349998,115.449997,115.449997,136943010
09/06/2020,117.449997,117.900002,110.25,111.449997,111.449997,79473751
10/06/2020,111,113,108.5,111.400002,111.400002,84038431
11/06/2020,109.900002,111.150002,105,106.150002,106.150002,55485897
12/06/2020,98,106.25,98,105.300003,105.300003,92989560
15/06/2020,104.650002,104.650002,100.050003,100.5,100.5,69318356
16/06/2020,102,103.5,92,94.75,94.75,215476711
17/06/2020,93,96.400002,91.800003,95.400002,95.400002,110830038
18/06/2020,95,97.199997,94.150002,96.349998,96.349998,58964344
19/06/2020,96.5,103.900002,95.599998,102.5,102.5,135462757
22/06/2020,102.349998,104.900002,101,102.650002,102.650002,68545834
23/06/2020,103,106,101.900002,104.400002,104.400002,68638552
24/06/2020,105.25,110.800003,104.199997,104.800003,104.800003,125457492
25/06/2020,103.849998,106.300003,101.650002,103.800003,103.800003,63198285
26/06/2020,105.400002,106.050003,100.349998,101.400002,101.400002,56327855
29/06/2020,101.400002,101.400002,98.050003,99.449997,99.449997,43274006
30/06/2020,101.75,102.300003,97.300003,98.25,98.25,50764363
01/07/2020,99,101.449997,98.199997,100.75,100.75,50857376
02/07/2020,100.75,102.949997,100.400002,101.550003,101.550003,48083736
03/07/2020,102.849998,106.349998,102.099998,103.449997,103.449997,87310642
06/07/2020,105,109.900002,104.5,109,109,91970198
07/07/2020,109.800003,112.599998,108.050003,109.050003,109.050003,85835716
08/07/2020,109.5,110.849998,104.199997,105.349998,105.349998,55887256
09/07/2020,106.300003,108.949997,104.650002,106.949997,106.949997,54492650
10/07/2020,106.699997,108.599998,105.400002,107.599998,107.599998,64694173
13/07/2020,108.849998,112.099998,106.849998,108,108,81893001
14/07/2020,106.900002,107.550003,104.099998,105.150002,105.150002,46924623
15/07/2020,106.800003,106.800003,102.5,103.199997,103.199997,49687046
16/07/2020,103.949997,103.949997,100.599998,102.949997,102.949997,44333785
17/07/2020,103.650002,106.949997,103.300003,106.400002,106.400002,42080157
20/07/2020,106.349998,106.349998,103.849998,105.050003,105.050003,39786731
21/07/2020,106,109.699997,105.5,108.449997,108.449997,66008143
22/07/2020,108.5,109.75,104.25,105.150002,105.150002,50735592
23/07/2020,105.449997,106.449997,104.699997,106.050003,106.050003,30722413
24/07/2020,104.699997,105.5,102.699997,103.75,103.75,39363520
27/07/2020,104,104.5,101.300003,101.699997,101.699997,29644533
28/07/2020,102.300003,107.199997,102,106.449997,106.449997,64271161
29/07/2020,108.099998,108.75,104.849998,105.75,105.75,44561639
30/07/2020,106.400002,106.75,102.849998,103.650002,103.650002,33378340
31/07/2020,104,105.400002,102.300003,104.650002,104.650002,33809018
03/08/2020,103,114.400002,102.900002,113.050003,113.050003,194765344
04/08/2020,112.949997,115.099998,110.800003,111.449997,111.449997,95906477
05/08/2020,112.400002,117.650002,112,115.400002,115.400002,99371050
06/08/2020,116.199997,117.699997,115.5,116.800003,116.800003,60092530
07/08/2020,117,119.699997,116,119.099998,119.099998,56489390
10/08/2020,119.949997,124.699997,119.699997,123.849998,123.849998,71093810
11/08/2020,125,125.800003,121.400002,122.300003,122.300003,50224665
12/08/2020,121,126.400002,120.599998,125.349998,125.349998,50713617
13/08/2020,126.099998,131.899994,124.400002,131.149994,131.149994,95489249
14/08/2020,131.149994,132.649994,123.699997,124.599998,124.599998,75032834
17/08/2020,124.5,126.25,120.599998,123.550003,123.550003,61154250
18/08/2020,124,127.5,123.599998,125.599998,125.599998,62153763
19/08/2020,127,127.599998,124.75,125.150002,125.150002,45128613
20/08/2020,123.449997,125.650002,121.099998,121.699997,121.699997,43530882
21/08/2020,124.199997,124.199997,120.150002,120.900002,120.900002,48650204
24/08/2020,122,123,120.800003,121.199997,121.199997,31294253
25/08/2020,121.800003,128.350006,121.099998,127.099998,127.099998,90263366
26/08/2020,130.5,139,128.350006,137.899994,137.899994,197510376
27/08/2020,140.100006,146.850006,139.300003,144.25,144.25,181380747
28/08/2020,144.149994,146.199997,140.5,142.800003,142.800003,95194825
31/08/2020,144.5,147.949997,138.199997,143.199997,143.199997,160564488
01/09/2020,143.399994,145.149994,140.399994,143.800003,143.800003,58811543
02/09/2020,144.300003,151.649994,141.449997,150.300003,150.300003,74947929
03/09/2020,151.600006,155.199997,149.550003,151.850006,151.850006,110156350
04/09/2020,147.899994,153.649994,147,147.800003,147.800003,95560889
07/09/2020,150,152,148,149.399994,149.399994,82617101
08/09/2020,149.449997,149.600006,141.199997,142.300003,142.300003,76286731
09/09/2020,141,141.75,135.699997,140.100006,140.100006,105355010
10/09/2020,142.800003,144.5,138,143.300003,143.300003,79606504
11/09/2020,143.100006,146.800003,141.649994,144.300003,144.300003,65135339
14/09/2020,147.199997,151.100006,145.5,148.550003,148.550003,84505930
15/09/2020,149.399994,149.399994,146.550003,148.399994,148.399994,42886817
16/09/2020,149.199997,154.300003,148.550003,151.449997,151.449997,85056501
17/09/2020,150.800003,151,146.199997,147.649994,147.649994,48119360
18/09/2020,148.699997,150.5,146.25,147.899994,147.899994,46270863
21/09/2020,147.75,147.75,135.5,137.449997,137.449997,64734493
22/09/2020,138,138.149994,129.649994,133.100006,133.100006,87298020
23/09/2020,135.5,136.699997,127.900002,131.399994,131.399994,74981613
24/09/2020,127.900002,128.800003,122.150002,122.800003,122.800003,62420957
25/09/2020,123.699997,128.350006,123.099998,127.25,127.25,65040759
28/09/2020,128.899994,134.300003,127.5,132.850006,132.850006,61830817
29/09/2020,134.949997,136,130.699997,131.699997,131.699997,63366932
30/09/2020,131.550003,134.399994,130.300003,133.300003,133.300003,48859088
01/10/2020,135.899994,136.5,132.550003,133.5,133.5,40491744
05/10/2020,136.949997,137.5,132.050003,133.899994,133.899994,55268322
06/10/2020,138,145.800003,136,144.75,144.75,161987221
07/10/2020,144.25,144.5,139.800003,141,141,68273641
08/10/2020,142.850006,143.5,139.600006,140.949997,140.949997,40900948
09/10/2020,141.149994,142.649994,138,138.449997,138.449997,37097190
12/10/2020,139.649994,139.649994,133,135.899994,135.899994,39279109
13/10/2020,135.399994,137.100006,132.850006,134.100006,134.100006,38973506
14/10/2020,133.75,134.649994,128.800003,130.699997,130.699997,45791440
15/10/2020,131.5,134.350006,126.5,126.949997,126.949997,64002864
16/10/2020,129.399994,130.050003,126,127.75,127.75,62553775
19/10/2020,129.800003,130.399994,127.800003,128.25,128.25,33157664
20/10/2020,128.100006,130.300003,126.349998,129.649994,129.649994,27465829
21/10/2020,131.050003,133.100006,128.300003,130.25,130.25,39252663
22/10/2020,129.699997,134.600006,128.449997,133.5,133.5,48808592
23/10/2020,134.899994,138.899994,134.100006,137,137,68711352
26/10/2020,138.399994,140.800003,131.25,133.699997,133.699997,88531579
27/10/2020,134.149994,136.75,130.850006,135.649994,135.649994,56856159
28/10/2020,139,143.25,133.5,134.800003,134.800003,152359338
29/10/2020,132,133,130,131.899994,131.899994,66632704
30/10/2020,133.199997,134.5,130.300003,132.649994,132.649994,51128530
02/11/2020,133.649994,134,131.100006,132.850006,132.850006,40388690
03/11/2020,135,137.399994,133.550003,134.100006,134.100006,52071476
04/11/2020,135.600006,137,134,135.899994,135.899994,44675934
05/11/2020,137,138,136,137.649994,137.649994,38928602
06/11/2020,137.649994,142.300003,137.649994,139,139,67966815
09/11/2020,140.600006,141.5,138.699997,141,141,40277460
10/11/2020,144.050003,146.699997,142.75,146,146,68794369
11/11/2020,146.5,151.5,145.649994,150.949997,150.949997,78583629
12/11/2020,150.949997,153.850006,150,151.199997,151.199997,56145517
13/11/2020,150,150,145.350006,146.350006,146.350006,32566537
17/11/2020,152.5,159.350006,152.199997,158,158,82644841
18/11/2020,158.850006,178.800003,158.550003,173.5,173.5,171801183
19/11/2020,171.399994,176.350006,166.550003,167.949997,167.949997,109449407
20/11/2020,170.050003,171.550003,165.550003,169.100006,169.100006,66935703
23/11/2020,169.5,173.899994,165.550003,170.699997,170.699997,54566251
24/11/2020,171.850006,175.5,171.100006,172.050003,172.050003,47695247
25/11/2020,175,176.800003,169.25,171.449997,171.449997,54366608
26/11/2020,171.600006,175,171.050003,173.75,173.75,39094724
27/11/2020,174.649994,183.850006,174.649994,180.350006,180.350006,125926062
01/12/2020,182.350006,182.399994,178.100006,179.75,179.75,48881250
02/12/2020,184,187.350006,181.100006,183.600006,183.600006,88107889
03/12/2020,185,186,183.25,184.850006,184.850006,33332481
04/12/2020,186.5,188.800003,182.199997,184.149994,184.149994,47995639
07/12/2020,184.449997,186.449997,182.699997,183.550003,183.550003,29802472
08/12/2020,184.949997,185.699997,178.949997,181.800003,181.800003,42143391
09/12/2020,183,186.399994,181.649994,182.699997,182.699997,40300535
10/12/2020,182.699997,182.699997,176.399994,177.600006,177.600006,38368777
11/12/2020,177.949997,181.449997,176.5,178.850006,178.850006,43065542
14/12/2020,181,181.5,176.699997,177.649994,177.649994,33186273
15/12/2020,176.449997,179.699997,173.25,178.899994,178.899994,41190341
16/12/2020,181,183.800003,180.100006,182.550003,182.550003,51259394
17/12/2020,184,184,180.649994,181.699997,181.699997,34101954
18/12/2020,180.899994,181.5,176.649994,180.550003,180.550003,46065197
21/12/2020,176,177.550003,162.5,164.550003,164.550003,75582907
22/12/2020,164.550003,169.199997,156.699997,164.949997,164.949997,110009846
23/12/2020,165,169.699997,163.399994,169.199997,169.199997,56930071
24/12/2020,172,178,172,175.949997,175.949997,73831319
28/12/2020,179.850006,187.399994,179,186.350006,186.350006,98012135
29/12/2020,187.899994,188.449997,181.100006,183.449997,183.449997,71318085
30/12/2020,183.100006,185.399994,180.399994,184.149994,184.149994,38576159
31/12/2020,184.850006,187.5,182.800003,183.850006,183.850006,48978310
01/01/2021,184.949997,187,184.5,186.5,186.5,27334421
04/01/2021,191.800003,193,188.75,191.300003,191.300003,63980597
05/01/2021,187.100006,193.899994,185.050003,193.199997,193.199997,75752593
06/01/2021,194.449997,197.600006,190.649994,195.399994,195.399994,75621947
07/01/2021,197,200.350006,195.100006,196.75,196.75,66024848
08/01/2021,198.75,201.5,197.100006,198.149994,198.149994,53991568
11/01/2021,199.899994,225.399994,199.649994,220.649994,220.649994,182483100
12/01/2021,227,252.399994,224.100006,237.800003,237.800003,390577839
13/01/2021,242.899994,248.800003,238.399994,242.600006,242.600006,164649387
14/01/2021,242.850006,249.800003,238.600006,245.100006,245.100006,86819519
15/01/2021,246,264.649994,242.600006,260.299988,260.299988,250038029
18/01/2021,261.649994,262.450012,241.149994,245.949997,245.949997,173383224
19/01/2021,251.5,261.700012,251.300003,258.649994,258.649994,136861059
20/01/2021,260,277.5,258.850006,274.899994,274.899994,205145151
21/01/2021,281,299,280,290.600006,290.600006,283614463
22/01/2021,295.950012,306.899994,278.350006,289.350006,289.350006,316008609
25/01/2021,296.899994,299.5,277.350006,279.149994,279.149994,164346913
27/01/2021,274.899994,275,265.700012,267.5,267.5,126586833
28/01/2021,260.049988,273.399994,259.049988,266.799988,266.799988,129156876
29/01/2021,273,278.799988,260.600006,262.700012,262.700012,138442348
01/02/2021,269.75,282,255.350006,279.600006,279.600006,165655500
02/02/2021,293.600006,328.850006,290.399994,322,322,251965965
03/02/2021,339.200012,341.899994,326.200012,331,331,224190114
04/02/2021,329,334.5,322.450012,326.149994,326.149994,121033002
05/02/2021,327.600006,330,312.600006,315.899994,315.899994,103512235
08/02/2021,318.75,339.25,318,335.950012,335.950012,102123614
09/02/2021,337,338.5,322.200012,325.049988,325.049988,105981081
10/02/2021,326,332.649994,319.5,328.899994,328.899994,93466949
11/02/2021,326.450012,331.350006,323.399994,325,325,55257166
12/02/2021,326.399994,330.5,321.25,325.399994,325.399994,64093642
15/02/2021,329.899994,335.799988,324,333.350006,333.350006,78680452
16/02/2021,335.450012,337.899994,327.5,329.200012,329.200012,65943843
17/02/2021,326.899994,334.25,325.450012,330.149994,330.149994,52150941
18/02/2021,331.5,331.75,321.100006,323.850006,323.850006,49204247
19/02/2021,321.950012,321.950012,301.399994,311.850006,311.850006,80274683
22/02/2021,312.450012,313.899994,302.149994,304.5,304.5,57723298
23/02/2021,308.5,328.899994,308.5,324,324,133310157
24/02/2021,325,330,316.5,321.649994,321.649994,50821757
25/02/2021,325.350006,334.700012,323.25,333.149994,333.149994,64514912
26/02/2021,323,332.950012,318.850006,322.950012,322.950012,91901339
01/03/2021,330,331.850006,322.700012,328.299988,328.299988,61190868
02/03/2021,331.100006,347.200012,326.450012,345.75,345.75,127708761
03/03/2021,348.649994,357,346.5,348.5,348.5,92006451
04/03/2021,339,345.399994,337.299988,339.200012,339.200012,59863169
05/03/2021,333,337.850006,319.700012,325.149994,325.149994,86738909
08/03/2021,331.75,331.75,318.799988,321.25,321.25,81925952
09/03/2021,325,328.350006,309.600006,315.200012,315.200012,74702208
10/03/2021,319.5,324.450012,316.700012,321.450012,321.450012,58643853
12/03/2021,325.049988,326.5,314.149994,317.549988,317.549988,48360842
15/03/2021,320,320.399994,310.049988,318.549988,318.549988,45081385
16/03/2021,321,321.899994,315.100006,319.950012,319.950012,39267404
17/03/2021,318.600006,320,304,305.799988,305.799988,47262481
18/03/2021,311,316.600006,299.75,307,307,73731921
19/03/2021,303.5,311,290.200012,308.950012,308.950012,109932681
22/03/2021,306.450012,307.5,300.100006,303.049988,303.049988,56385019
23/03/2021,305,312.25,304,307.399994,307.399994,60240483
24/03/2021,303.549988,305,293.200012,294.450012,294.450012,61523819
25/03/2021,294,294,282.25,285.549988,285.549988,84528317
26/03/2021,290.5,301.399994,290.5,296.399994,296.399994,80924011
30/03/2021,300.5,301.299988,292.700012,297.049988,297.049988,45257233
31/03/2021,299,307.5,297.5,301.799988,301.799988,58569012
01/04/2021,306.75,309.850006,303.049988,307.75,307.75,44088352
05/04/2021,306.799988,311.700012,297.200012,305.049988,305.049988,66178755
06/04/2021,306.149994,313.799988,304.799988,307.75,307.75,63031783
07/04/2021,306.75,310.649994,305.100006,307.799988,307.799988,39073986
08/04/2021,307.899994,319.799988,307.5,313.950012,313.950012,62459774
09/04/2021,313.200012,325,312.5,318.200012,318.200012,75462572
12/04/2021,307.850006,307.850006,282.899994,286.549988,286.549988,105342538
13/04/2021,287.25,304.549988,280.549988,302.850006,302.850006,116874853
15/04/2021,303,307.549988,296.5,303.5,303.5,75262749
16/04/2021,302,315,300.149994,310,310,75330709
19/04/2021,295,304.5,292.799988,301.399994,301.399994,65791784
20/04/2021,307.700012,308.149994,294.200012,298.049988,298.049988,56740291
22/04/2021,294,302.5,292.200012,294.549988,294.549988,61022978
23/04/2021,291,300,290.5,294,294,58158986
26/04/2021,297,299,294.600006,295.399994,295.399994,30583139
27/04/2021,295.700012,302.5,295.100006,301.5,301.5,35040532
28/04/2021,303.5,309.5,303,305.899994,305.899994,44668126
29/04/2021,308.899994,310,301.25,301.899994,301.899994,36647292
30/04/2021,298.200012,301.299988,292.549988,293.850006,293.850006,36121668
03/05/2021,289.299988,294.75,285,293,293,35376618
04/05/2021,296.350006,299.75,288.049988,289.450012,289.450012,38640006
05/05/2021,293.5,293.899994,288.5,291.5,291.5,29350536
06/05/2021,291.5,302,290.299988,301.25,301.25,45032502
07/05/2021,303,305.950012,300.5,302.75,302.75,41591323
10/05/2021,304.5,315.700012,304,314.850006,314.850006,53260388
11/05/2021,309.549988,320.75,308.100006,315.549988,315.549988,58472304
12/05/2021,318.25,334.75,316.25,326,326,111584920
14/05/2021,329.350006,329.5,310,312.25,312.25,81305325
17/05/2021,315.399994,323.850006,311.399994,321.100006,321.100006,51162423
18/05/2021,325.950012,336.649994,324,332.450012,332.450012,86153088
19/05/2021,313,322.950012,312.100006,314.450012,314.450012,119407026
20/05/2021,316,316.600006,306.100006,307.700012,307.700012,54043899
21/05/2021,312,315.700012,309.5,313.100006,313.100006,40358753
24/05/2021,314.75,315.799988,310.200012,311.850006,311.850006,31963997
25/05/2021,315.549988,319,313.850006,315.25,315.25,37382263
26/05/2021,316.100006,320,314.799988,315.5,315.5,28639717
27/05/2021,317.049988,323.450012,316.549988,318.600006,318.600006,49484106
28/05/2021,322.649994,324.5,316.5,318.75,318.75,26618815
31/05/2021,318.700012,319.75,312.100006,318.75,318.75,30917309
01/06/2021,319.200012,325.700012,317.299988,318.100006,318.100006,32595728
02/06/2021,315.950012,324.399994,315.600006,323,323,26323777
03/06/2021,325.299988,327.700012,323.649994,325.649994,325.649994,21408371
04/06/2021,325.149994,336.899994,324.25,334.950012,334.950012,41278749
07/06/2021,339.75,351,339.75,345.5,345.5,64986814
08/06/2021,346.25,356.649994,337.5,352.75,352.75,44104954
09/06/2021,356.200012,358.899994,339.75,343.350006,343.350006,59334814
10/06/2021,345.200012,347.850006,342.399994,344.75,344.75,24351860
11/06/2021,346,352.899994,344.350006,350.75,350.75,36441967
14/06/2021,350.049988,357.899994,341.100006,355.950012,355.950012,38482142
15/06/2021,355.75,360.75,351.5,352.700012,352.700012,35526159
16/06/2021,350.100006,356,348.100006,349.350006,349.350006,27550588
17/06/2021,348.399994,352.899994,342.25,345.649994,345.649994,29236974
18/06/2021,345.649994,346.899994,329,337.399994,337.399994,49440514
21/06/2021,330.899994,335.799988,326.200012,334.299988,334.299988,29123887
22/06/2021,337.100006,344.299988,336.149994,337.899994,337.899994,26708459
23/06/2021,341,343.25,334.299988,335.25,335.25,25741628
24/06/2021,335,337.399994,333.350006,334.649994,334.649994,15580223
25/06/2021,335.899994,342.799988,335.899994,339.649994,339.649994,22426352
28/06/2021,340.799988,345,337.549988,342.799988,342.799988,17843975
29/06/2021,342.649994,346.5,339.600006,341.549988,341.549988,22462297
30/06/2021,342,345.350006,338.850006,339.600006,339.600006,18277841
01/07/2021,341.5,347.399994,341.200012,344.25,344.25,27944816
02/07/2021,345.299988,345.549988,340.5,344.899994,344.899994,18304387
05/07/2021,347.049988,350.100006,344,346.100006,346.100006,18399524
06/07/2021,348,358.200012,311.5,316.899994,316.899994,164083830
07/07/2021,316,319.100006,306.25,317.100006,317.100006,112183313
08/07/2021,314.799988,314.799988,305,306.350006,306.350006,87360324
09/07/2021,305.799988,308.850006,301.850006,306.299988,306.299988,48807214
12/07/2021,310.799988,312,306.100006,307.450012,307.450012,32282319
13/07/2021,310,312.25,308.149994,310.950012,310.950012,25736308
14/07/2021,310,313.299988,308.649994,309.549988,309.549988,21863250
15/07/2021,310.5,312.850006,307.600006,310.25,310.25,23617599
16/07/2021,311.100006,315.450012,310.5,311.25,311.25,25148606
19/07/2021,308.950012,310.299988,306,308.850006,308.850006,21346348
20/07/2021,307,308,301.049988,302.149994,302.149994,27672567
22/07/2021,305.5,307.450012,301.049988,302.549988,302.549988,21338361
23/07/2021,300.5,301.899994,295,295.549988,295.549988,33435130
26/07/2021,295,297,291,293.149994,293.149994,27502360
27/07/2021,293,297.649994,288.600006,291.399994,291.399994,55132877
28/07/2021,290,290.899994,283.600006,284.450012,284.450012,36139725
29/07/2021,287.549988,295.399994,287.549988,292.899994,292.899994,57733359
30/07/2021,294,300,293.25,293.950012,293.950012,30589609
02/08/2021,299.149994,299.399994,295.600006,296.850006,296.850006,19273390
03/08/2021,298.5,304.5,297.700012,303.700012,303.700012,31063992
04/08/2021,304.75,306.450012,297.200012,298.149994,298.149994,26186248
05/08/2021,295.5,300.899994,292.75,299.700012,299.700012,20704901
06/08/2021,300.049988,303.399994,297.649994,300.049988,300.049988,16001898
09/08/2021,300.75,304.200012,296.049988,298.100006,298.100006,16985859
10/08/2021,297.899994,300.200012,291,294.200012,294.200012,15173990
11/08/2021,295.299988,297.799988,286.450012,295.450012,295.450012,20802022
12/08/2021,297.299988,307.399994,297.299988,306,306,33652880
13/08/2021,308.799988,311.5,303.049988,307.25,307.25,34922863
16/08/2021,305.950012,307.850006,303.049988,303.700012,303.700012,14348786
17/08/2021,302.799988,302.799988,292.799988,297.700012,297.700012,25539214
18/08/2021,296.899994,297.75,292.600006,293.350006,293.350006,18004320
20/08/2021,289.5,290.700012,281,283.100006,283.100006,32578752
23/08/2021,287.200012,288.299988,275,276.950012,276.950012,24498294
24/08/2021,278.5,281.5,268.450012,279.799988,279.799988,37589121
25/08/2021,282.799988,289.200012,282.450012,284.399994,284.399994,31538128
26/08/2021,284.850006,287.350006,281.649994,284.299988,284.299988,17864053
27/08/2021,282.899994,286.799988,281.700012,285.75,285.75,13477390
30/08/2021,290.100006,293.5,289.899994,291.950012,291.950012,17217097
31/08/2021,291.75,291.950012,286.100006,287.299988,287.299988,36951003